-- ============================================================
-- COAR CONNECT - 06_DML_SEGUIMIENTO_RESULTADOS_KPIS.SQL
-- Seguimiento académico, resultados, asistencia, metas y KPIs
-- Ejecutar después de 05_DML_materiales_simulacros_coar_connect.sql
-- PostgreSQL 15+ | Base de datos: coar_connect
-- ============================================================

BEGIN;

-- ============================================================
-- BLOQUE 1: RESULTADOS DE SIMULACROS
-- ============================================================

INSERT INTO RESULTADOS (
    CODRESULTADO, PKESTUDIANTE, PKSIMULACRO, PKESTADOEVALUACION,
    PUNTAJE, NOTA_VIGESIMAL, FECHAINICIO, FECHAFIN, OBSERVACION
) VALUES
('RES000001',
 (SELECT PKESTUDIANTE FROM ESTUDIANTES WHERE CODESTUDIANTE='EST000001'),
 (SELECT PKSIMULACRO FROM SIMULACROS WHERE CODSIMULACRO='SIM000001'),
 (SELECT PKESTADOEVALUACION FROM ESTADOS_EVALUACION WHERE CODESTADOEVALUACION='FIN'),
 6.00, 15.00, '2026-07-10 16:00', '2026-07-10 16:45',
 'Buen desempeño inicial en matemática.'),

('RES000002',
 (SELECT PKESTUDIANTE FROM ESTUDIANTES WHERE CODESTUDIANTE='EST000001'),
 (SELECT PKSIMULACRO FROM SIMULACROS WHERE CODSIMULACRO='SIM000002'),
 (SELECT PKESTADOEVALUACION FROM ESTADOS_EVALUACION WHERE CODESTADOEVALUACION='FIN'),
 4.00, 13.50, '2026-07-12 16:00', '2026-07-12 16:50',
 'Debe reforzar comprensión inferencial.'),

('RES000003',
 (SELECT PKESTUDIANTE FROM ESTUDIANTES WHERE CODESTUDIANTE='EST000002'),
 (SELECT PKSIMULACRO FROM SIMULACROS WHERE CODSIMULACRO='SIM000003'),
 (SELECT PKESTADOEVALUACION FROM ESTADOS_EVALUACION WHERE CODESTADOEVALUACION='FIN'),
 5.00, 14.00, '2026-07-05 15:00', '2026-07-05 16:10',
 'Nivel regular en diagnóstico inicial.'),

('RES000004',
 (SELECT PKESTUDIANTE FROM ESTUDIANTES WHERE CODESTUDIANTE='EST000003'),
 (SELECT PKSIMULACRO FROM SIMULACROS WHERE CODSIMULACRO='SIM000004'),
 (SELECT PKESTADOEVALUACION FROM ESTADOS_EVALUACION WHERE CODESTADOEVALUACION='FIN'),
 7.00, 16.50, '2026-07-20 09:00', '2026-07-20 10:45',
 'Buen avance general.');

-- ============================================================
-- BLOQUE 2: RESUMEN DE RESULTADOS
-- ============================================================

INSERT INTO RESULTADOS_SIMULACRO (
    PKRESULTADO, TOTAL_PREGUNTAS, RESPUESTAS_CORRECTAS,
    RESPUESTAS_INCORRECTAS, PORCENTAJE_LOGRO
) VALUES
((SELECT PKRESULTADO FROM RESULTADOS WHERE CODRESULTADO='RES000001'), 3, 3, 0, 100.00),
((SELECT PKRESULTADO FROM RESULTADOS WHERE CODRESULTADO='RES000002'), 2, 1, 1, 50.00),
((SELECT PKRESULTADO FROM RESULTADOS WHERE CODRESULTADO='RES000003'), 1, 1, 0, 100.00),
((SELECT PKRESULTADO FROM RESULTADOS WHERE CODRESULTADO='RES000004'), 2, 2, 0, 100.00);

-- ============================================================
-- BLOQUE 3: SEGUIMIENTO ACADÉMICO GENERAL
-- ============================================================

INSERT INTO SEGUIMIENTO_ACADEMICO (
    CODSEGUIMIENTO, PKESTUDIANTE, FECHAREGISTRO,
    HORAS_ESTUDIADAS, PROMEDIO_GENERAL, AVANCE_GENERAL, OBSERVACION
) VALUES
('SEG000001',
 (SELECT PKESTUDIANTE FROM ESTUDIANTES WHERE CODESTUDIANTE='EST000001'),
 '2026-07-15', 12.50, 14.25, 42.00,
 'Estudiante con avance constante, necesita reforzar comunicación.'),

('SEG000002',
 (SELECT PKESTUDIANTE FROM ESTUDIANTES WHERE CODESTUDIANTE='EST000002'),
 '2026-07-15', 8.50, 14.00, 35.00,
 'Debe mejorar constancia semanal.'),

('SEG000003',
 (SELECT PKESTUDIANTE FROM ESTUDIANTES WHERE CODESTUDIANTE='EST000003'),
 '2026-07-15', 10.00, 16.50, 55.00,
 'Buen desempeño general.'),

('SEG000004',
 (SELECT PKESTUDIANTE FROM ESTUDIANTES WHERE CODESTUDIANTE='EST000004'),
 '2026-07-15', 7.50, 13.80, 30.00,
 'Necesita mayor práctica en ciencia y tecnología.');

-- ============================================================
-- BLOQUE 4: PROGRESO POR CURSO
-- ============================================================

INSERT INTO PROGRESO_CURSO (
    PKESTUDIANTE, PKCURSO, AVANCE_PORCENTAJE,
    HORAS_ESTUDIADAS, PROMEDIO_CURSO
) VALUES
((SELECT PKESTUDIANTE FROM ESTUDIANTES WHERE CODESTUDIANTE='EST000001'),
 (SELECT PKCURSO FROM CURSOS WHERE CODCURSO='CUR000001'),
 60.00, 6.50, 15.00),

((SELECT PKESTUDIANTE FROM ESTUDIANTES WHERE CODESTUDIANTE='EST000001'),
 (SELECT PKCURSO FROM CURSOS WHERE CODCURSO='CUR000003'),
 45.00, 6.00, 13.50),

((SELECT PKESTUDIANTE FROM ESTUDIANTES WHERE CODESTUDIANTE='EST000002'),
 (SELECT PKCURSO FROM CURSOS WHERE CODCURSO='CUR000002'),
 35.00, 8.50, 14.00),

((SELECT PKESTUDIANTE FROM ESTUDIANTES WHERE CODESTUDIANTE='EST000003'),
 (SELECT PKCURSO FROM CURSOS WHERE CODCURSO='CUR000004'),
 55.00, 10.00, 16.50),

((SELECT PKESTUDIANTE FROM ESTUDIANTES WHERE CODESTUDIANTE='EST000004'),
 (SELECT PKCURSO FROM CURSOS WHERE CODCURSO='CUR000005'),
 30.00, 7.50, 13.80);

-- ============================================================
-- BLOQUE 5: ASISTENCIAS
-- ============================================================

INSERT INTO ASISTENCIAS (
    PKESTUDIANTE, PKHORARIO, FECHA_CLASE, ASISTIO, OBSERVACION
) VALUES
((SELECT PKESTUDIANTE FROM ESTUDIANTES WHERE CODESTUDIANTE='EST000001'),
 (SELECT PKHORARIO FROM HORARIOS WHERE CODHORARIO='HOR000001'),
 '2026-07-01', 'S', 'Asistió puntualmente'),

((SELECT PKESTUDIANTE FROM ESTUDIANTES WHERE CODESTUDIANTE='EST000001'),
 (SELECT PKHORARIO FROM HORARIOS WHERE CODHORARIO='HOR000003'),
 '2026-07-03', 'S', 'Participó en clase'),

((SELECT PKESTUDIANTE FROM ESTUDIANTES WHERE CODESTUDIANTE='EST000002'),
 (SELECT PKHORARIO FROM HORARIOS WHERE CODHORARIO='HOR000002'),
 '2026-07-02', 'N', 'No ingresó a la sesión'),

((SELECT PKESTUDIANTE FROM ESTUDIANTES WHERE CODESTUDIANTE='EST000003'),
 (SELECT PKHORARIO FROM HORARIOS WHERE CODHORARIO='HOR000004'),
 '2026-07-04', 'S', 'Participación activa'),

((SELECT PKESTUDIANTE FROM ESTUDIANTES WHERE CODESTUDIANTE='EST000004'),
 (SELECT PKHORARIO FROM HORARIOS WHERE CODHORARIO='HOR000005'),
 '2026-07-05', 'S', 'Asistió con retraso');

-- ============================================================
-- BLOQUE 6: RECOMENDACIONES ACADÉMICAS
-- ============================================================

INSERT INTO RECOMENDACIONES_ACADEMICAS (
    PKESTUDIANTE, PKCURSO, RECOMENDACION, PRIORIDAD, FECHAREGISTRO
) VALUES
((SELECT PKESTUDIANTE FROM ESTUDIANTES WHERE CODESTUDIANTE='EST000001'),
 (SELECT PKCURSO FROM CURSOS WHERE CODCURSO='CUR000003'),
 'Practicar comprensión lectora con textos largos tres veces por semana.',
 'Alta', '2026-07-15'),

((SELECT PKESTUDIANTE FROM ESTUDIANTES WHERE CODESTUDIANTE='EST000002'),
 (SELECT PKCURSO FROM CURSOS WHERE CODCURSO='CUR000002'),
 'Reforzar series numéricas, patrones y ejercicios de lógica.',
 'Media', '2026-07-15'),

((SELECT PKESTUDIANTE FROM ESTUDIANTES WHERE CODESTUDIANTE='EST000004'),
 (SELECT PKCURSO FROM CURSOS WHERE CODCURSO='CUR000005'),
 'Revisar conceptos básicos de ciencia y tecnología antes del simulacro.',
 'Alta', '2026-07-15');

-- ============================================================
-- BLOQUE 7: METAS DEL ESTUDIANTE
-- ============================================================

INSERT INTO METAS_ESTUDIANTE (
    PKESTUDIANTE, TITULO, DESCRIPCION,
    FECHAINICIO, FECHAFIN, COMPLETADO, PORCENTAJE_AVANCE
) VALUES
((SELECT PKESTUDIANTE FROM ESTUDIANTES WHERE CODESTUDIANTE='EST000001'),
 'Completar guía de matemática',
 'Resolver todos los ejercicios de fracciones y porcentajes.',
 '2026-07-01', '2026-07-20', 'N', 70.00),

((SELECT PKESTUDIANTE FROM ESTUDIANTES WHERE CODESTUDIANTE='EST000001'),
 'Mejorar comprensión lectora',
 'Leer 5 textos y resolver preguntas inferenciales.',
 '2026-07-01', '2026-07-25', 'N', 45.00),

((SELECT PKESTUDIANTE FROM ESTUDIANTES WHERE CODESTUDIANTE='EST000002'),
 'Practicar razonamiento matemático',
 'Resolver ejercicios de series y patrones.',
 '2026-07-01', '2026-07-22', 'N', 35.00),

((SELECT PKESTUDIANTE FROM ESTUDIANTES WHERE CODESTUDIANTE='EST000003'),
 'Mantener promedio destacado',
 'Conservar nota mayor a 16 en simulacros.',
 '2026-07-01', '2026-07-30', 'S', 100.00);

-- ============================================================
-- BLOQUE 8: MEDALLAS ASIGNADAS
-- ============================================================

INSERT INTO ESTUDIANTE_MEDALLA (
    PKESTUDIANTE, PKMEDALLA
) VALUES
((SELECT PKESTUDIANTE FROM ESTUDIANTES WHERE CODESTUDIANTE='EST000001'),
 (SELECT PKMEDALLA FROM MEDALLAS WHERE CODMEDALLA='M001')),

((SELECT PKESTUDIANTE FROM ESTUDIANTES WHERE CODESTUDIANTE='EST000001'),
 (SELECT PKMEDALLA FROM MEDALLAS WHERE CODMEDALLA='M002')),

((SELECT PKESTUDIANTE FROM ESTUDIANTES WHERE CODESTUDIANTE='EST000003'),
 (SELECT PKMEDALLA FROM MEDALLAS WHERE CODMEDALLA='M004')),

((SELECT PKESTUDIANTE FROM ESTUDIANTES WHERE CODESTUDIANTE='EST000003'),
 (SELECT PKMEDALLA FROM MEDALLAS WHERE CODMEDALLA='M003'));

-- ============================================================
-- BLOQUE 9: NOTIFICACIONES
-- ============================================================

INSERT INTO NOTIFICACIONES (
    PKUSUARIO, TITULO, MENSAJE, LEIDO
) VALUES
((SELECT PKUSUARIO FROM USUARIOS WHERE CODUSUARIO='USR000007'),
 'Nuevo simulacro disponible',
 'Ya puedes resolver el Simulacro Matemática 01.',
 'N'),

((SELECT PKUSUARIO FROM USUARIOS WHERE CODUSUARIO='USR000007'),
 'Recomendación académica',
 'Se recomienda reforzar comprensión lectora esta semana.',
 'N'),

((SELECT PKUSUARIO FROM USUARIOS WHERE CODUSUARIO='USR000015'),
 'Avance académico actualizado',
 'El estudiante Camila Solis tiene nuevo seguimiento académico disponible.',
 'N'),

((SELECT PKUSUARIO FROM USUARIOS WHERE CODUSUARIO='USR000008'),
 'Meta pendiente',
 'Recuerda completar tu práctica de razonamiento matemático.',
 'N');

-- ============================================================
-- BLOQUE 10: VERIFICACIÓN OPCIONAL
-- ============================================================

-- SELECT r.CODRESULTADO, u.NOMBRES, u.APELLIDOS, s.TITULO, r.NOTA_VIGESIMAL
-- FROM RESULTADOS r
-- INNER JOIN ESTUDIANTES e ON r.PKESTUDIANTE = e.PKESTUDIANTE
-- INNER JOIN USUARIOS u ON e.PKUSUARIO = u.PKUSUARIO
-- INNER JOIN SIMULACROS s ON r.PKSIMULACRO = s.PKSIMULACRO;

-- SELECT u.NOMBRES, u.APELLIDOS, sg.HORAS_ESTUDIADAS, sg.PROMEDIO_GENERAL, sg.AVANCE_GENERAL
-- FROM SEGUIMIENTO_ACADEMICO sg
-- INNER JOIN ESTUDIANTES e ON sg.PKESTUDIANTE = e.PKESTUDIANTE
-- INNER JOIN USUARIOS u ON e.PKUSUARIO = u.PKUSUARIO;

COMMIT;